{
    "format_version": "1.20.0",
    "air": {
        "blockshape": "invisible"
    },
    "stone": {
        "blockshape": "block"
    },
    "grass": {
        "blockshape": "block"
    },
    "dirt": {
        "blockshape": "block"
    },
    "cobblestone": {
        "blockshape": "block"
    },
    "planks": {
        "blockshape": "block"
    },
    "sapling": {
        "blockshape": "cross_texture"
    },
    "bedrock": {
        "blockshape": "block"
    },
    "flowing_water": {
        "blockshape": "water"
    },
    "water": {
        "blockshape": "water"
    },
    "flowing_lava": {
        "blockshape": "water"
    },
    "lava": {
        "blockshape": "water"
    },
    "sand": {
        "blockshape": "block"
    },
    "gravel": {
        "blockshape": "block"
    },
    "gold_ore": {
        "blockshape": "block"
    },
    "iron_ore": {
        "blockshape": "block"
    },
    "coal_ore": {
        "blockshape": "block"
    },
    "deepslate": {
        "blockshape": "block"
    },
    "deepslate_gold_ore": {
        "blockshape": "block"
    },
    "deepslate_iron_ore": {
        "blockshape": "block"
    },
    "deepslate_coal_ore": {
        "blockshape": "block"
    },
    "deepslate_diamond_ore": {
        "blockshape": "block"
    },
    "deepslate_lapis_ore": {
        "blockshape": "block"
    },
    "deepslate_emerald_ore": {
        "blockshape": "block"
    },
    "deepslate_redstone_ore": {
        "blockshape": "block"
    },
    "deepslate_copper_ore": {
        "blockshape": "block"
    },
    "log": {
        "blockshape": "tree"
    },
    "leaves": {
        "blockshape": "block"
    },
    "glass": {
        "blockshape": "block"
    },
    "lapis_ore": {
        "blockshape": "block"
    },
    "lapis_block": {
        "blockshape": "block"
    },
    "sandstone": {
        "blockshape": "block"
    },
    "bed": {
        "blockshape": "bed"
    },
    "golden_rail": {
        "blockshape": "rail"
    },
    "detector_rail": {
        "blockshape": "rail"
    },
    "sticky_piston": {
        "blockshape": "piston"
    },
    "web": {
        "blockshape": "cross_texture"
    },
    "tallgrass": {
        "blockshape": "cross_texture"
    },
    "piston": {
        "blockshape": "piston"
    },
    "wool": {
        "blockshape": "block"
    },
    "gold_block": {
        "blockshape": "block"
    },
    "iron_block": {
        "blockshape": "block"
    },
    "brick_block": {
        "blockshape": "block"
    },
    "tnt": {
        "blockshape": "block"
    },
    "bookshelf": {
        "blockshape": "block"
    },
    "mossy_cobblestone": {
        "blockshape": "block"
    },
    "obsidian": {
        "blockshape": "block"
    },
    "torch": {
        "blockshape": "torch"
    },
    "mob_spawner": {
        "blockshape": "block"
    },
    "chest": {
        "blockshape": "chest"
    },
    "diamond_ore": {
        "blockshape": "block"
    },
    "diamond_block": {
        "blockshape": "block"
    },
    "crafting_table": {
        "blockshape": "block"
    },
    "wheat": {
        "blockshape": "rows"
    },
    "farmland": {
        "blockshape": "block"
    },
    "furnace": {
        "blockshape": "block"
    },
    "wooden_door": {
        "blockshape": "door"
    },
    "ladder": {
        "blockshape": "ladder"
    },
    "rail": {
        "blockshape": "rail"
    },
    "lever": {
        "blockshape": "lever"
    },
    "iron_door": {
        "blockshape": "door"
    },
    "redstone_ore": {
        "blockshape": "block"
    },
    "redstone_torch": {
        "blockshape": "torch"
    },
    "stone_button": {
        "blockshape": "block"
    },
    "snow_layer": {
        "blockshape": "top_snow"
    },
    "ice": {
        "blockshape": "block"
    },
    "snow": {
        "blockshape": "block"
    },
    "cactus": {
        "blockshape": "cactus"
    },
    "clay": {
        "blockshape": "block"
    },
    "reeds": {
        "blockshape": "cross_texture"
    },
    "fence": {
        "blockshape": "fence"
    },
    "nether_brick_fence": {
        "blockshape": "fence"
    },
    "pumpkin": {
        "blockshape": "block"
    },
    "netherrack": {
        "blockshape": "block"
    },
    "soul_sand": {
        "blockshape": "block"
    },
    "glowstone": {
        "blockshape": "block"
    },
    "nether_wart": {
        "blockshape": "rows"
    },
    "cake": {
        "blockshape": "block"
    },
    "trapdoor": {
        "blockshape": "block_half"
    },
    "stonebrick": {
        "blockshape": "block"
    },
    "iron_bars": {
        "blockshape": "iron_fence"
    },
    "glass_pane": {
        "blockshape": "iron_fence"
    },
    "melon_block": {
        "blockshape": "block"
    },
    "vine": {
        "blockshape": "vine"
    },
    "mycelium": {
        "blockshape": "block"
    },
    "waterlily": {
        "blockshape": "lilypad"
    },
    "end_stone": {
        "blockshape": "block"
    },
    "emerald_ore": {
        "blockshape": "block"
    },
    "emerald_block": {
        "blockshape": "block"
    },
    "redstone_block": {
        "blockshape": "block"
    },
    "quartz_ore": {
        "blockshape": "block"
    },
    "copper_ore": {
        "blockshape": "block"
    },
    "copper_block": {
        "blockshape": "block"
    },
    "raw_copper_block": {
        "blockshape": "block"
    },
    "raw_iron_block": {
        "blockshape": "block"
    },
    "raw_gold_block": {
        "blockshape": "block"
    },
    "amethyst_block": {
        "blockshape": "block"
    },
    "budding_amethyst": {
        "blockshape": "block"
    },
    "tuff": {
        "blockshape": "block"
    },
    "calcite": {
        "blockshape": "block"
    },
    "dripstone_block": {
        "blockshape": "block"
    },
    "pointed_dripstone": {
        "blockshape": "block"
    },
    "moss_block": {
        "blockshape": "block"
    },
    "azalea_leaves": {
        "blockshape": "block"
    },
    "azalea": {
        "blockshape": "cross_texture"
    },
    "flowering_azalea": {
        "blockshape": "cross_texture"
    },
    "glow_lichen": {
        "blockshape": "vine"
    },
    "mud": {
        "blockshape": "block"
    },
    "mangrove_log": {
        "blockshape": "tree"
    },
    "mangrove_leaves": {
        "blockshape": "block"
    },
    "mangrove_roots": {
        "blockshape": "block"
    },
    "muddy_mangrove_roots": {
        "blockshape": "block"
    },
    "sculk": {
        "blockshape": "block"
    },
    "sculk_catalyst": {
        "blockshape": "block"
    },
    "sculk_shrieker": {
        "blockshape": "block"
    },
    "sculk_vein": {
        "blockshape": "vine"
    }
}